manufacturer,nombreproducto,price,img_src,url
GENEVE,RING HALF ETERNITY,"2.570,00 €",https://www.genevecompany.com/31861-large_default/geneve-jewels-ring-half-eternity-mv1278.jpg ,https://www.genevecompany.com/en/ring/199445-geneve-jewels-ring-half-eternity-mv1278.html
GENEVE,RING,"3.865,00 €",https://www.genevecompany.com/34452-large_default/geneve-jewels-ring-gg22316.jpg ,https://www.genevecompany.com/en/ring/200649-geneve-jewels-ring-gg22316.html
GENEVE,RING ETERNITY,"2.635,00 €",https://www.genevecompany.com/34108-large_default/geneve-jewels-ring-eternity-gg22258.jpg ,https://www.genevecompany.com/en/ring/200002-geneve-jewels-ring-eternity-gg22258.html
GENEVE,RING ETERNITY,"2.735,00 €",https://www.genevecompany.com/32629-large_default/geneve-jewels-ring-eternity-gg22025.jpg ,https://www.genevecompany.com/en/ring/199495-geneve-jewels-ring-eternity-gg22025.html
GENEVE,RING CLUSTER,"2.730,00 €",https://www.genevecompany.com/32681-large_default/geneve-jewels-ring-cluster-gg22206.jpg ,https://www.genevecompany.com/en/ring/199807-geneve-jewels-ring-cluster-gg22206.html
GENEVE,RING,"2.770,00 €",https://www.genevecompany.com/34823-large_default/geneve-jewels-ring-gg22342.jpg ,https://www.genevecompany.com/en/ring/200773-geneve-jewels-ring-gg22342.html
GENEVE,RING HALO,"2.780,00 €",https://www.genevecompany.com/36743-large_default/geneve-jewels-ring-halo-gg22529.jpg ,https://www.genevecompany.com/en/ring/201632-geneve-jewels-ring-halo-gg22529.html
GENEVE,RING ETERNITY,"2.600,00 €",https://www.genevecompany.com/32683-large_default/geneve-jewels-ring-eternity-gg22187.jpg ,https://www.genevecompany.com/en/ring/199788-geneve-jewels-ring-eternity-gg22187.html
GENEVE,RING STONES,"2.620,00 €",https://www.genevecompany.com/36578-large_default/geneve-jewels-ring-stones-gg19199.jpg ,https://www.genevecompany.com/en/ring/192769-geneve-jewels-ring-stones-gg19199.html
GENEVE,RING HALO,"2.795,00 €",https://www.genevecompany.com/31068-large_default/geneve-jewels-ring-halo-gg21934.jpg ,https://www.genevecompany.com/en/ring/199246-geneve-jewels-ring-halo-gg21934.html
GENEVE,RING HALF ETERNITY,"2.860,00 €",https://www.genevecompany.com/34878-large_default/geneve-jewels-ring-half-eternity-gg22383.jpg ,https://www.genevecompany.com/en/ring/200831-geneve-jewels-ring-half-eternity-gg22383.html
GENEVE,RING HALO,"2.860,00 €",https://www.genevecompany.com/36747-large_default/geneve-jewels-ring-halo-gg22530.jpg ,https://www.genevecompany.com/en/ring/201633-geneve-jewels-ring-halo-gg22530.html
GENEVE,RING TRILOGY,"2.810,00 €",https://www.genevecompany.com/34830-large_default/geneve-jewels-ring-trilogy-gg16316.jpg ,https://www.genevecompany.com/en/ring/173946-geneve-jewels-ring-trilogy-gg16316.html
GENEVE,RING HALF ETERNITY,"2.870,00 €",https://www.genevecompany.com/36572-large_default/geneve-jewels-ring-half-eternity-gg22550.jpg ,https://www.genevecompany.com/en/ring/201674-geneve-jewels-ring-half-eternity-gg22550.html
GENEVE,RING,"3.970,00 €",https://www.genevecompany.com/27630-large_default/geneve-jewels-ring-gg20917.jpg ,https://www.genevecompany.com/en/ring/195963-geneve-jewels-ring-gg20917.html
GENEVE,RING ETERNITY,"3.890,00 €",https://www.genevecompany.com/35118-large_default/geneve-jewels-ring-eternity-mv1311.jpg ,https://www.genevecompany.com/en/ring/201004-geneve-jewels-ring-eternity-mv1311.html
GENEVE,RING ETERNITY,"3.940,00 €",https://www.genevecompany.com/35986-large_default/geneve-jewels-ring-eternity-gg21944.jpg ,https://www.genevecompany.com/en/ring/199267-geneve-jewels-ring-eternity-gg21944.html
GENEVE,RING HALO,"3.980,00 €",https://www.genevecompany.com/35113-large_default/geneve-jewels-ring-halo-mv1322.jpg ,https://www.genevecompany.com/en/ring/201016-geneve-jewels-ring-halo-mv1322.html
GENEVE,RING,"4.000,00 €",https://www.genevecompany.com/27568-large_default/geneve-jewels-ring-gg17017.jpg ,https://www.genevecompany.com/en/ring/181584-geneve-jewels-ring-gg17017.html
GENEVE,RING HALF ETERNITY,"4.060,00 €",https://www.genevecompany.com/35125-large_default/geneve-jewels-ring-half-eternity-mv1319.jpg ,https://www.genevecompany.com/en/ring/201013-geneve-jewels-ring-half-eternity-mv1319.html
GENEVE,RING,"4.153,80 €",https://www.genevecompany.com/36311-large_default/geneve-jewels-ring-gg12788.jpg ,https://www.genevecompany.com/en/ring/124785-geneve-jewels-ring-gg12788.html
GENEVE,RING HALO,"4.120,00 €",https://www.genevecompany.com/35127-large_default/geneve-jewels-ring-halo-mv1323.jpg ,https://www.genevecompany.com/en/ring/201017-geneve-jewels-ring-halo-mv1323.html
GENEVE,RING ETERNITY,"4.100,00 €",https://www.genevecompany.com/34223-large_default/geneve-jewels-ring-eternity-gg22303.jpg ,https://www.genevecompany.com/en/ring/200583-geneve-jewels-ring-eternity-gg22303.html
GENEVE,RING ETERNITY,"935,00 €",https://www.genevecompany.com/29640-large_default/geneve-jewels-ring-eternity-gg21733.jpg ,https://www.genevecompany.com/en/ring/198744-geneve-jewels-ring-eternity-gg21733.html
GENEVE,RING SOLITAIRE,"895,00 €",https://www.genevecompany.com/36406-large_default/geneve-jewels-ring-solitaire-og57883.jpg ,https://www.genevecompany.com/en/ring/128531-geneve-jewels-ring-solitaire-og57883.html
GENEVE,RING ETERNITY,"4.240,00 €",https://www.genevecompany.com/34047-large_default/geneve-jewels-ring-eternity-gg19191.jpg ,https://www.genevecompany.com/en/ring/192761-geneve-jewels-ring-eternity-gg19191.html
GENEVE,RING ETERNITY,"790,00 €",https://www.genevecompany.com/34104-large_default/geneve-jewels-ring-eternity-gg22247.jpg ,https://www.genevecompany.com/en/ring/199988-geneve-jewels-ring-eternity-gg22247.html
GENEVE,RING CLUSTER,"1.530,00 €",https://www.genevecompany.com/31018-large_default/geneve-jewels-ring-cluster-gg21962.jpg ,https://www.genevecompany.com/en/ring/199284-geneve-jewels-ring-cluster-gg21962.html
GENEVE,RING,"1.620,00 €",https://www.genevecompany.com/36566-large_default/geneve-jewels-ring-gg22557.jpg ,https://www.genevecompany.com/en/ring/201690-geneve-jewels-ring-gg22557.html
GENEVE,RING ETERNITY,"1.625,00 €",https://www.genevecompany.com/34826-large_default/geneve-jewels-ring-eternity-gg21790.jpg ,https://www.genevecompany.com/en/ring/199044-geneve-jewels-ring-eternity-gg21790.html
GENEVE,RING,"980,00 €",https://www.genevecompany.com/36260-large_default/geneve-jewels-ring-gg22460.jpg ,https://www.genevecompany.com/en/ring/201493-geneve-jewels-ring-gg22460.html
GENEVE,RING ETERNITY,"1.555,00 €",https://www.genevecompany.com/34106-large_default/geneve-jewels-ring-eternity-gg22257.jpg ,https://www.genevecompany.com/en/ring/200000-geneve-jewels-ring-eternity-gg22257.html
GENEVE,RING SOLITAIRE,"1.605,00 €",https://www.genevecompany.com/36635-large_default/geneve-jewels-ring-solitaire-mv1257.jpg ,https://www.genevecompany.com/en/ring/197515-geneve-jewels-ring-solitaire-mv1257.html
GENEVE,RING HALO,"1.630,00 €",https://www.genevecompany.com/36820-large_default/geneve-jewels-ring-halo-gg20376.jpg ,https://www.genevecompany.com/en/ring/194602-geneve-jewels-ring-halo-gg20376.html
GENEVE,RING CLUSTER,"1.645,00 €",https://www.genevecompany.com/31067-large_default/geneve-jewels-ring-cluster-gg21935.jpg ,https://www.genevecompany.com/en/ring/199278-geneve-jewels-ring-cluster-gg21935.html
GENEVE,RING ETERNITY,"1.650,00 €",https://www.genevecompany.com/32695-large_default/geneve-jewels-ring-eternity-gg22191.jpg ,https://www.genevecompany.com/en/ring/199792-geneve-jewels-ring-eternity-gg22191.html
GENEVE,RING HALO,"1.635,00 €",https://www.genevecompany.com/34139-large_default/geneve-jewels-ring-halo-gg22176.jpg ,https://www.genevecompany.com/en/ring/199881-geneve-jewels-ring-halo-gg22176.html
GENEVE,RING 3 STONE,"1.660,00 €",https://www.genevecompany.com/32218-large_default/geneve-jewels-ring-3-stone-mv1265.jpg ,https://www.genevecompany.com/en/ring/199003-geneve-jewels-ring-3-stone-mv1265.html
GENEVE,RING,"1.720,00 €",https://www.genevecompany.com/34871-large_default/geneve-jewels-ring-gg22376.jpg ,https://www.genevecompany.com/en/ring/200825-geneve-jewels-ring-gg22376.html
GENEVE,RING SOLITAIRE,"1.740,00 €",https://www.genevecompany.com/36751-large_default/geneve-jewels-ring-solitaire-gg22522.jpg ,https://www.genevecompany.com/en/ring/201625-geneve-jewels-ring-solitaire-gg22522.html
GENEVE,RING CLUSTER,"1.770,00 €",https://www.genevecompany.com/34133-large_default/geneve-jewels-ring-cluster-gg22177.jpg ,https://www.genevecompany.com/en/ring/199882-geneve-jewels-ring-cluster-gg22177.html
GENEVE,RING ETERNITY,"1.780,00 €",https://www.genevecompany.com/32653-large_default/geneve-jewels-ring-eternity-gg22026.jpg ,https://www.genevecompany.com/en/ring/199496-geneve-jewels-ring-eternity-gg22026.html
GENEVE,RING ETERNITY,"1.785,00 €",https://www.genevecompany.com/32631-large_default/geneve-jewels-ring-eternity-gg22019.jpg ,https://www.genevecompany.com/en/ring/199486-geneve-jewels-ring-eternity-gg22019.html
GENEVE,RING HALO,"1.800,00 €",https://www.genevecompany.com/36405-large_default/geneve-jewels-ring-halo-gg22683.jpg ,https://www.genevecompany.com/en/ring/202808-geneve-jewels-ring-halo-gg22683.html
GENEVE,RING 3 STONE,"1.795,00 €",https://www.genevecompany.com/36403-large_default/geneve-jewels-ring-3-stone-og49391.jpg ,https://www.genevecompany.com/en/ring/129705-geneve-jewels-ring-3-stone-og49391.html
GENEVE,RING ETERNITY,"1.775,00 €",https://www.genevecompany.com/32625-large_default/geneve-jewels-ring-eternity-gg21997.jpg ,https://www.genevecompany.com/en/ring/199467-geneve-jewels-ring-eternity-gg21997.html
GENEVE,RING CLUSTER,"1.800,00 €",https://www.genevecompany.com/31065-large_default/geneve-jewels-ring-cluster-gg21954.jpg ,https://www.genevecompany.com/en/ring/199280-geneve-jewels-ring-cluster-gg21954.html
GENEVE,RING HALF ETERNITY,"1.930,00 €",https://www.genevecompany.com/34877-large_default/geneve-jewels-ring-half-eternity-gg21787.jpg ,https://www.genevecompany.com/en/ring/199040-geneve-jewels-ring-half-eternity-gg21787.html
GENEVE,RING ETERNITY,"1.860,00 €",https://www.genevecompany.com/32687-large_default/geneve-jewels-ring-eternity-gg22181.jpg ,https://www.genevecompany.com/en/ring/199782-geneve-jewels-ring-eternity-gg22181.html
GENEVE,RING ETERNITY,"1.940,00 €",https://www.genevecompany.com/32690-large_default/geneve-jewels-ring-eternity-gg22189.jpg ,https://www.genevecompany.com/en/ring/199790-geneve-jewels-ring-eternity-gg22189.html
GENEVE,RING HALO,"1.950,00 €",https://www.genevecompany.com/36884-large_default/geneve-jewels-ring-halo-gg22351.jpg ,https://www.genevecompany.com/en/ring/200787-geneve-jewels-ring-halo-gg22351.html
GENEVE,RING SOLITAIRE,"2.030,00 €",https://www.genevecompany.com/34143-large_default/geneve-jewels-ring-solitaire-gg22222.jpg ,https://www.genevecompany.com/en/ring/199961-geneve-jewels-ring-solitaire-gg22222.html
GENEVE,RING HALO,"2.160,00 €",https://www.genevecompany.com/34137-large_default/geneve-jewels-ring-halo-gg22208.jpg ,https://www.genevecompany.com/en/ring/199945-geneve-jewels-ring-halo-gg22208.html
GENEVE,RING GENTS,"2.055,00 €",https://www.genevecompany.com/31858-large_default/geneve-jewels-ring-gents-mv1281.jpg ,https://www.genevecompany.com/en/ring/199448-geneve-jewels-ring-gents-mv1281.html
GENEVE,RING CLUSTER,"1.960,00 €",https://www.genevecompany.com/36575-large_default/geneve-jewels-ring-cluster-gg18709.jpg ,https://www.genevecompany.com/en/ring/190285-geneve-jewels-ring-cluster-gg18709.html
GENEVE,RING HALF ETERNITY,"2.190,00 €",https://www.genevecompany.com/34117-large_default/geneve-jewels-ring-half-eternity-gg22251.jpg ,https://www.genevecompany.com/en/ring/199993-geneve-jewels-ring-half-eternity-gg22251.html
GENEVE,RING HALF ETERNITY,"1.845,00 €",https://www.genevecompany.com/32655-large_default/geneve-jewels-ring-half-eternity-gg22029.jpg ,https://www.genevecompany.com/en/ring/199499-geneve-jewels-ring-half-eternity-gg22029.html
GENEVE,RING HALF ETERNITY,"2.165,00 €",https://www.genevecompany.com/33698-large_default/geneve-jewels-ring-half-eternity-gg21709.jpg ,https://www.genevecompany.com/en/ring/198713-geneve-jewels-ring-half-eternity-gg21709.html
GENEVE,RING HALF ETERNITY,"2.165,00 €",https://www.genevecompany.com/29644-large_default/geneve-jewels-ring-half-eternity-gg21710.jpg ,https://www.genevecompany.com/en/ring/198716-geneve-jewels-ring-half-eternity-gg21710.html
GENEVE,RING,"2.195,00 €",https://www.genevecompany.com/32615-large_default/geneve-jewels-ring-gg22167.jpg ,https://www.genevecompany.com/en/ring/199766-geneve-jewels-ring-gg22167.html
GENEVE,RING,"2.195,00 €",https://www.genevecompany.com/32616-large_default/geneve-jewels-ring-gg22168.jpg ,https://www.genevecompany.com/en/ring/199767-geneve-jewels-ring-gg22168.html
GENEVE,RING,"2.245,00 €",https://www.genevecompany.com/34914-large_default/geneve-jewels-ring-gg22378.jpg ,https://www.genevecompany.com/en/ring/200826-geneve-jewels-ring-gg22378.html
GENEVE,RING HALF ETERNITY,"2.220,00 €",https://www.genevecompany.com/34118-large_default/geneve-jewels-ring-half-eternity-gg22252.jpg ,https://www.genevecompany.com/en/ring/199994-geneve-jewels-ring-half-eternity-gg22252.html
GENEVE,RING CLUSTER,"2.220,00 €",https://www.genevecompany.com/28182-large_default/geneve-jewels-ring-cluster-false.jpg ,https://www.genevecompany.com/en/ring/196322-geneve-jewels-ring-cluster-false.html
GENEVE,RING HALO,"2.250,00 €",https://www.genevecompany.com/32224-large_default/geneve-jewels-ring-halo-mv1263.jpg ,https://www.genevecompany.com/en/ring/199000-geneve-jewels-ring-halo-mv1263.html
GENEVE,RING HALO,"2.250,00 €",https://www.genevecompany.com/32225-large_default/geneve-jewels-ring-halo-mv1265.jpg ,https://www.genevecompany.com/en/ring/199002-geneve-jewels-ring-halo-mv1265.html
GENEVE,RING SOLITAIRE,"2.195,00 €",https://www.genevecompany.com/36049-large_default/geneve-jewels-ring-solitaire-gi31639-123-026.jpg ,https://www.genevecompany.com/en/ring/126970-geneve-jewels-ring-solitaire-gi31639-123-026.html
GENEVE,RING,"2.195,00 €",https://www.genevecompany.com/32617-large_default/geneve-jewels-ring-gg22166.jpg ,https://www.genevecompany.com/en/ring/199765-geneve-jewels-ring-gg22166.html
GENEVE,RING HALF ETERNITY,"2.300,00 €",https://www.genevecompany.com/26551-large_default/geneve-jewels-ring-half-eternity-gg21533.jpg ,https://www.genevecompany.com/en/ring/197620-geneve-jewels-ring-half-eternity-gg21533.html
GENEVE,RING CLUSTER,"2.265,00 €",https://www.genevecompany.com/34915-large_default/geneve-jewels-ring-cluster-gg22384.jpg ,https://www.genevecompany.com/en/ring/200832-geneve-jewels-ring-cluster-gg22384.html
GENEVE,RING HALF ETERNITY,"2.255,00 €",https://www.genevecompany.com/32635-large_default/geneve-jewels-ring-half-eternity-gg22021.jpg ,https://www.genevecompany.com/en/ring/199488-geneve-jewels-ring-half-eternity-gg22021.html
GENEVE,RING HALO,"2.315,00 €",https://www.genevecompany.com/35132-large_default/geneve-jewels-ring-halo-mv1316.jpg ,https://www.genevecompany.com/en/ring/201010-geneve-jewels-ring-halo-mv1316.html
GENEVE,RING ETERNITY,"2.360,00 €",https://www.genevecompany.com/35802-large_default/geneve-jewels-ring-eternity-gg18100.jpg ,https://www.genevecompany.com/en/ring/185300-geneve-jewels-ring-eternity-gg18100.html
GENEVE,RING ETERNITY,"2.365,00 €",https://www.genevecompany.com/32626-large_default/geneve-jewels-ring-eternity-gg21995.jpg ,https://www.genevecompany.com/en/ring/199464-geneve-jewels-ring-eternity-gg21995.html
GENEVE,RING HALO,"2.330,00 €",https://www.genevecompany.com/36740-large_default/geneve-jewels-ring-halo-gg22517.jpg ,https://www.genevecompany.com/en/ring/201610-geneve-jewels-ring-halo-gg22517.html
GENEVE,RING HALF ETERNITY,"2.415,00 €",https://www.genevecompany.com/32637-large_default/geneve-jewels-ring-half-eternity-gg22005.jpg ,https://www.genevecompany.com/en/ring/199475-geneve-jewels-ring-half-eternity-gg22005.html
GENEVE,RING HALO,"2.390,00 €",https://www.genevecompany.com/32187-large_default/geneve-jewels-ring-halo-mv1261.jpg ,https://www.genevecompany.com/en/ring/198998-geneve-jewels-ring-halo-mv1261.html
GENEVE,RING CLUSTER,"2.425,00 €",https://www.genevecompany.com/32620-large_default/geneve-jewels-ring-cluster-gg22013.jpg ,https://www.genevecompany.com/en/ring/199481-geneve-jewels-ring-cluster-gg22013.html
GENEVE,RING ENGAGEMENT,"2.455,00 €",https://www.genevecompany.com/34403-large_default/geneve-jewels-ring-engagement-gg20408.jpg ,https://www.genevecompany.com/en/ring/194897-geneve-jewels-ring-engagement-gg20408.html
GENEVE,RING SOLITAIRE,"2.340,00 €",https://www.genevecompany.com/36748-large_default/geneve-jewels-ring-solitaire-gg22526.jpg ,https://www.genevecompany.com/en/ring/201629-geneve-jewels-ring-solitaire-gg22526.html
GENEVE,RING CLUSTER,"2.300,00 €",https://www.genevecompany.com/33990-large_default/geneve-jewels-ring-cluster-gg20960.jpg ,https://www.genevecompany.com/en/ring/196093-geneve-jewels-ring-cluster-gg20960.html
GENEVE,RING SOLITAIRE,"2.360,00 €",https://www.genevecompany.com/36749-large_default/geneve-jewels-ring-solitaire-gg22527.jpg ,https://www.genevecompany.com/en/ring/201630-geneve-jewels-ring-solitaire-gg22527.html
GENEVE,RING HALO,"2.490,00 €",https://www.genevecompany.com/29631-large_default/geneve-jewels-ring-halo-gg217333.jpg ,https://www.genevecompany.com/en/ring/198745-geneve-jewels-ring-halo-gg217333.html
GENEVE,RING HALO,"2.460,00 €",https://www.genevecompany.com/35133-large_default/geneve-jewels-ring-halo-mv1296.jpg ,https://www.genevecompany.com/en/ring/200987-geneve-jewels-ring-halo-mv1296.html
GENEVE,RING HALF ETERNITY,"2.495,00 €",https://www.genevecompany.com/34689-large_default/geneve-jewels-ring-half-eternity-gg22080.jpg ,https://www.genevecompany.com/en/ring/199605-geneve-jewels-ring-half-eternity-gg22080.html
GENEVE,RING HALO,"2.510,00 €",https://www.genevecompany.com/34226-large_default/geneve-jewels-ring-halo-gg22263.jpg ,https://www.genevecompany.com/en/ring/200305-geneve-jewels-ring-halo-gg22263.html
GENEVE,RING,"2.490,00 €",https://www.genevecompany.com/36046-large_default/geneve-jewels-ring-gg13387.jpg ,https://www.genevecompany.com/en/ring/123694-geneve-jewels-ring-gg13387.html
GENEVE,RING CLUSTER,"1.020,00 €",https://www.genevecompany.com/28630-large_default/geneve-jewels-ring-cluster-gg21069.jpg ,https://www.genevecompany.com/en/ring/196306-geneve-jewels-ring-cluster-gg21069.html
GENEVE,RING ETERNITY,"1.085,00 €",https://www.genevecompany.com/34827-large_default/geneve-jewels-ring-eternity-gg21731.jpg ,https://www.genevecompany.com/en/ring/198743-geneve-jewels-ring-eternity-gg21731.html
GENEVE,RING CLUSTER,"990,00 €",https://www.genevecompany.com/26550-large_default/geneve-jewels-ring-cluster-gg21538.jpg ,https://www.genevecompany.com/en/ring/197625-geneve-jewels-ring-cluster-gg21538.html
GENEVE,RING HALF ETERNITY,"1.055,00 €",https://www.genevecompany.com/34916-large_default/geneve-jewels-ring-half-eternity-gg22380.jpg ,https://www.genevecompany.com/en/ring/200828-geneve-jewels-ring-half-eternity-gg22380.html
GENEVE,RING SOLITAIRE,"985,00 €",https://www.genevecompany.com/36050-large_default/geneve-jewels-ring-solitaire-og58271.jpg ,https://www.genevecompany.com/en/ring/128575-geneve-jewels-ring-solitaire-og58271.html
GENEVE,RING ETERNITY,"1.055,00 €",https://www.genevecompany.com/34873-large_default/geneve-jewels-ring-eternity-gg22380.jpg ,https://www.genevecompany.com/en/ring/200829-geneve-jewels-ring-eternity-gg22380.html
GENEVE,RING,"1.110,00 €",https://www.genevecompany.com/34829-large_default/geneve-jewels-ring-gg21138.jpg ,https://www.genevecompany.com/en/ring/196171-geneve-jewels-ring-gg21138.html
GENEVE,RING HALF ETERNITY,"2.530,00 €",https://www.genevecompany.com/32636-large_default/geneve-jewels-ring-half-eternity-gg21996.jpg ,https://www.genevecompany.com/en/ring/199465-geneve-jewels-ring-half-eternity-gg21996.html
GENEVE,RING HALO,"1.085,00 €",https://www.genevecompany.com/33700-large_default/geneve-jewels-ring-halo-gg21730.jpg ,https://www.genevecompany.com/en/ring/198741-geneve-jewels-ring-halo-gg21730.html
GENEVE,RING HALF ETERNITY,"1.140,00 €",https://www.genevecompany.com/34112-large_default/geneve-jewels-ring-half-eternity-gg22248.jpg ,https://www.genevecompany.com/en/ring/199989-geneve-jewels-ring-half-eternity-gg22248.html
GENEVE,RING CLUSTER,"1.120,00 €",https://www.genevecompany.com/35117-large_default/geneve-jewels-ring-cluster-mv1295.jpg ,https://www.genevecompany.com/en/ring/200986-geneve-jewels-ring-cluster-mv1295.html
GENEVE,RING ENGAGEMENT,"1.205,00 €",https://www.genevecompany.com/34401-large_default/geneve-jewels-ring-engagement-gg20386.jpg ,https://www.genevecompany.com/en/ring/194887-geneve-jewels-ring-engagement-gg20386.html
GENEVE,RING HALF ETERNITY,"1.170,00 €",https://www.genevecompany.com/34113-large_default/geneve-jewels-ring-half-eternity-gg22248.jpg ,https://www.genevecompany.com/en/ring/199990-geneve-jewels-ring-half-eternity-gg22248.html
GENEVE,RING ETERNITY,"1.120,00 €",https://www.genevecompany.com/32624-large_default/geneve-jewels-ring-eternity-gg22018.jpg ,https://www.genevecompany.com/en/ring/199485-geneve-jewels-ring-eternity-gg22018.html
GENEVE,RING CLUSTER,"1.320,00 €",https://www.genevecompany.com/31004-large_default/geneve-jewels-ring-cluster-gg21971.jpg ,https://www.genevecompany.com/en/ring/199295-geneve-jewels-ring-cluster-gg21971.html
GENEVE,RING CLUSTER,"1.200,00 €",https://www.genevecompany.com/31020-large_default/geneve-jewels-ring-cluster-gg21972.jpg ,https://www.genevecompany.com/en/ring/199296-geneve-jewels-ring-cluster-gg21972.html
GENEVE,RING HALF ETERNITY,"1.335,00 €",https://www.genevecompany.com/36570-large_default/geneve-jewels-ring-half-eternity-gg22556.jpg ,https://www.genevecompany.com/en/ring/201689-geneve-jewels-ring-half-eternity-gg22556.html
GENEVE,RING HALO,"1.335,00 €",https://www.genevecompany.com/34879-large_default/geneve-jewels-ring-halo-gg22370.jpg ,https://www.genevecompany.com/en/ring/200912-geneve-jewels-ring-halo-gg22370.html
GENEVE,RING WEDDING,"1.290,00 €",https://www.genevecompany.com/33982-large_default/geneve-jewels-ring-wedding-gg20887.jpg ,https://www.genevecompany.com/en/ring/195830-geneve-jewels-ring-wedding-gg20887.html
GENEVE,RING ETERNITY,"1.280,00 €",https://www.genevecompany.com/32693-large_default/geneve-jewels-ring-eternity-gg22190.jpg ,https://www.genevecompany.com/en/ring/199791-geneve-jewels-ring-eternity-gg22190.html
GENEVE,RING HALO,"1.425,00 €",https://www.genevecompany.com/32223-large_default/geneve-jewels-ring-halo-mv1264.jpg ,https://www.genevecompany.com/en/ring/199001-geneve-jewels-ring-halo-mv1264.html
GENEVE,RING ENGAGEMENT,"1.455,00 €",https://www.genevecompany.com/34825-large_default/geneve-jewels-ring-engagement-gg20400.jpg ,https://www.genevecompany.com/en/ring/194898-geneve-jewels-ring-engagement-gg20400.html
GENEVE,RING HALF ETERNITY,"1.335,00 €",https://www.genevecompany.com/34262-large_default/geneve-jewels-ring-half-eternity-gg22211.jpg ,https://www.genevecompany.com/en/ring/199947-geneve-jewels-ring-half-eternity-gg22211.html
GENEVE,RING ETERNITY,"1.460,00 €",https://www.genevecompany.com/34107-large_default/geneve-jewels-ring-eternity-gg22257.jpg ,https://www.genevecompany.com/en/ring/200001-geneve-jewels-ring-eternity-gg22257.html
GENEVE,RING HALO,"1.410,00 €",https://www.genevecompany.com/31022-large_default/geneve-jewels-ring-halo-gg21933.jpg ,https://www.genevecompany.com/en/ring/199245-geneve-jewels-ring-halo-gg21933.html
GENEVE,RING HALF ETERNITY,"1.450,00 €",https://www.genevecompany.com/32654-large_default/geneve-jewels-ring-half-eternity-gg22033.jpg ,https://www.genevecompany.com/en/ring/199501-geneve-jewels-ring-half-eternity-gg22033.html
GENEVE,RING SOLITAIRE,"1.520,00 €",https://www.genevecompany.com/34268-large_default/geneve-jewels-ring-solitaire-gg22221.jpg ,https://www.genevecompany.com/en/ring/199960-geneve-jewels-ring-solitaire-gg22221.html
GENEVE,RING ETERNITY,"4.265,00 €",https://www.genevecompany.com/34052-large_default/geneve-jewels-ring-eternity-gg18727.jpg ,https://www.genevecompany.com/en/ring/190303-geneve-jewels-ring-eternity-gg18727.html
GENEVE,RING HALO,"1.495,00 €",https://www.genevecompany.com/34828-large_default/geneve-jewels-ring-halo-gg21139.jpg ,https://www.genevecompany.com/en/ring/196172-geneve-jewels-ring-halo-gg21139.html
GENEVE,RING HALF ETERNITY,"4.295,00 €",https://www.genevecompany.com/34285-large_default/geneve-jewels-ring-half-eternity-gg21646.jpg ,https://www.genevecompany.com/en/ring/199884-geneve-jewels-ring-half-eternity-gg21646.html
GENEVE,RING SOLITAIRE,"4.285,00 €",https://www.genevecompany.com/27268-large_default/geneve-jewels-ring-solitaire-gg19366.jpg ,https://www.genevecompany.com/en/ring/197799-geneve-jewels-ring-solitaire-gg19366.html
GENEVE,RING ETERNITY,"4.395,00 €",https://www.genevecompany.com/35987-large_default/geneve-jewels-ring-eternity-gg21941.jpg ,https://www.genevecompany.com/en/ring/199263-geneve-jewels-ring-eternity-gg21941.html
GENEVE,RING HALF ETERNITY,"1.520,00 €",https://www.genevecompany.com/34114-large_default/geneve-jewels-ring-half-eternity-gg22250.jpg ,https://www.genevecompany.com/en/ring/199992-geneve-jewels-ring-half-eternity-gg22250.html
GENEVE,RING ETERNITY,"4.520,00 €",https://www.genevecompany.com/31857-large_default/geneve-jewels-ring-eternity-mv1275.jpg ,https://www.genevecompany.com/en/ring/199442-geneve-jewels-ring-eternity-mv1275.html
GENEVE,RING CLUSTER,"4.720,00 €",https://www.genevecompany.com/32622-large_default/geneve-jewels-ring-cluster-gg22012.jpg ,https://www.genevecompany.com/en/ring/199480-geneve-jewels-ring-cluster-gg22012.html
GENEVE,RING,"4.340,00 €",https://www.genevecompany.com/35116-large_default/geneve-jewels-ring-mv1327.jpg ,https://www.genevecompany.com/en/ring/201020-geneve-jewels-ring-mv1327.html
GENEVE,RING HALF ETERNITY,"4.355,00 €",https://www.genevecompany.com/34122-large_default/geneve-jewels-ring-half-eternity-gg22260.jpg ,https://www.genevecompany.com/en/ring/200004-geneve-jewels-ring-half-eternity-gg22260.html
GENEVE,RING CLUSTER,"4.800,00 €",https://www.genevecompany.com/34135-large_default/geneve-jewels-ring-cluster-gg22182.jpg ,https://www.genevecompany.com/en/ring/199888-geneve-jewels-ring-cluster-gg22182.html
GENEVE,RING CLUSTER,"4.665,00 €",https://www.genevecompany.com/36404-large_default/geneve-jewels-ring-cluster-gg22683.jpg ,https://www.genevecompany.com/en/ring/202807-geneve-jewels-ring-cluster-gg22683.html
GENEVE,RING FASHION,"4.810,00 €",https://www.genevecompany.com/27271-large_default/geneve-jewels-ring-fashion-gg17935.jpg ,https://www.genevecompany.com/en/ring/197801-geneve-jewels-ring-fashion-gg17935.html
GENEVE,RING HALO,"4.890,00 €",https://www.genevecompany.com/35134-large_default/geneve-jewels-ring-halo-mv1294.jpg ,https://www.genevecompany.com/en/ring/200985-geneve-jewels-ring-halo-mv1294.html
GENEVE,RING SOLITAIRE,"4.950,00 €",https://www.genevecompany.com/36211-large_default/geneve-jewels-ring-solitaire-gg10171.jpg ,https://www.genevecompany.com/en/ring/125922-geneve-jewels-ring-solitaire-gg10171.html
GENEVE,RING HALF ETERNITY,"5.130,00 €",https://www.genevecompany.com/34219-large_default/geneve-jewels-ring-half-eternity-gg22263.jpg ,https://www.genevecompany.com/en/ring/200064-geneve-jewels-ring-half-eternity-gg22263.html
GENEVE,RING HALO,"4.845,00 €",https://www.genevecompany.com/34138-large_default/geneve-jewels-ring-halo-gg22205.jpg ,https://www.genevecompany.com/en/ring/199942-geneve-jewels-ring-halo-gg22205.html
GENEVE,RING HALF ETERNITY,"5.020,00 €",https://www.genevecompany.com/26825-large_default/geneve-jewels-ring-half-eternity-gg21535.jpg ,https://www.genevecompany.com/en/ring/197632-geneve-jewels-ring-half-eternity-gg21535.html
GENEVE,RING,"5.200,00 €",https://www.genevecompany.com/27624-large_default/geneve-jewels-ring-gg20912.jpg ,https://www.genevecompany.com/en/ring/195959-geneve-jewels-ring-gg20912.html
GENEVE,RING,"5.210,00 €",https://www.genevecompany.com/35114-large_default/geneve-jewels-ring-mv1306.jpg ,https://www.genevecompany.com/en/ring/200999-geneve-jewels-ring-mv1306.html
GENEVE,RING,"5.010,00 €",https://www.genevecompany.com/27701-large_default/geneve-jewels-ring-false.jpg ,https://www.genevecompany.com/en/ring/198273-geneve-jewels-ring-false.html
GENEVE,RING HALF ETERNITY,"5.130,00 €",https://www.genevecompany.com/34231-large_default/geneve-jewels-ring-half-eternity-gg22263.jpg ,https://www.genevecompany.com/en/ring/200230-geneve-jewels-ring-half-eternity-gg22263.html
GENEVE,RING,"4.970,00 €",https://www.genevecompany.com/27623-large_default/geneve-jewels-ring-gg20916.jpg ,https://www.genevecompany.com/en/ring/195962-geneve-jewels-ring-gg20916.html
GENEVE,RING,"5.225,00 €",https://www.genevecompany.com/34872-large_default/geneve-jewels-ring-gg22381.jpg ,https://www.genevecompany.com/en/ring/200830-geneve-jewels-ring-gg22381.html
GENEVE,RING CLUSTER,"5.725,00 €",https://www.genevecompany.com/27288-large_default/geneve-jewels-ring-cluster-gg21613.jpg ,https://www.genevecompany.com/en/ring/197833-geneve-jewels-ring-cluster-gg21613.html
GENEVE,RING HALF ETERNITY,"5.515,00 €",https://www.genevecompany.com/32640-large_default/geneve-jewels-ring-half-eternity-gg22020.jpg ,https://www.genevecompany.com/en/ring/199487-geneve-jewels-ring-half-eternity-gg22020.html
GENEVE,RING HEART,"5.500,00 €",https://www.genevecompany.com/34176-large_default/geneve-jewels-ring-heart-gg22304.jpg ,https://www.genevecompany.com/en/ring/200584-geneve-jewels-ring-heart-gg22304.html
GENEVE,RING CLUSTER,"5.270,00 €",https://www.genevecompany.com/36838-large_default/geneve-jewels-ring-cluster-gg16473.jpg ,https://www.genevecompany.com/en/ring/176483-geneve-jewels-ring-cluster-gg16473.html
GENEVE,RING HALO,"5.735,00 €",https://www.genevecompany.com/34287-large_default/geneve-jewels-ring-halo-gg22206.jpg ,https://www.genevecompany.com/en/ring/199943-geneve-jewels-ring-halo-gg22206.html
GENEVE,RING CLUSTER,"5.850,00 €",https://www.genevecompany.com/27275-large_default/geneve-jewels-ring-cluster-gg21613.jpg ,https://www.genevecompany.com/en/ring/197836-geneve-jewels-ring-cluster-gg21613.html
GENEVE,RING 3 STONE,"5.895,00 €",https://www.genevecompany.com/36047-large_default/geneve-jewels-ring-3-stone-gg10180.jpg ,https://www.genevecompany.com/en/ring/125917-geneve-jewels-ring-3-stone-gg10180.html
GENEVE,RING HALO,"5.990,00 €",https://www.genevecompany.com/33959-large_default/geneve-jewels-ring-halo-gg20840.jpg ,https://www.genevecompany.com/en/ring/195744-geneve-jewels-ring-halo-gg20840.html
GENEVE,RING HALF ETERNITY,"6.045,00 €",https://www.genevecompany.com/27154-large_default/geneve-jewels-ring-half-eternity-gg21226.jpg ,https://www.genevecompany.com/en/ring/196495-geneve-jewels-ring-half-eternity-gg21226.html
GENEVE,RING HALO,"5.870,00 €",https://www.genevecompany.com/35135-large_default/geneve-jewels-ring-halo-mv1304.jpg ,https://www.genevecompany.com/en/ring/200997-geneve-jewels-ring-halo-mv1304.html
GENEVE,RING HALF ETERNITY,"7.025,00 €",https://www.genevecompany.com/32633-large_default/geneve-jewels-ring-half-eternity-gg21998.jpg ,https://www.genevecompany.com/en/ring/199468-geneve-jewels-ring-half-eternity-gg21998.html
GENEVE,RING HALO,"6.190,00 €",https://www.genevecompany.com/35153-large_default/geneve-jewels-ring-halo-gg22361.jpg ,https://www.genevecompany.com/en/ring/200806-geneve-jewels-ring-halo-gg22361.html
GENEVE,RING,"7.460,00 €",https://www.genevecompany.com/25237-large_default/geneve-jewels-ring-gg21453.jpg ,https://www.genevecompany.com/en/ring/197001-geneve-jewels-ring-gg21453.html
GENEVE,RING ETERNITY,"6.420,00 €",https://www.genevecompany.com/35988-large_default/geneve-jewels-ring-eternity-gg21942.jpg ,https://www.genevecompany.com/en/ring/199264-geneve-jewels-ring-eternity-gg21942.html
GENEVE,RING SOLITAIRE,"7.075,00 €",https://www.genevecompany.com/34375-large_default/geneve-jewels-ring-solitaire-gg22327.jpg ,https://www.genevecompany.com/en/ring/200668-geneve-jewels-ring-solitaire-gg22327.html
GENEVE,RING SOLITAIRE,"6.650,00 €",https://www.genevecompany.com/32226-large_default/geneve-jewels-ring-solitaire-mv1267.jpg ,https://www.genevecompany.com/en/ring/199005-geneve-jewels-ring-solitaire-mv1267.html
GENEVE,RING HALF ETERNITY,"7.605,00 €",https://www.genevecompany.com/32632-large_default/geneve-jewels-ring-half-eternity-gg22007.jpg ,https://www.genevecompany.com/en/ring/199477-geneve-jewels-ring-half-eternity-gg22007.html
GENEVE,RING SOLITAIRE,"10.070,00 €",https://www.genevecompany.com/34374-large_default/geneve-jewels-ring-solitaire-gg22329.jpg ,https://www.genevecompany.com/en/ring/200670-geneve-jewels-ring-solitaire-gg22329.html
GENEVE,RING ETERNITY,"9.120,00 €",https://www.genevecompany.com/34218-large_default/geneve-jewels-ring-eternity-gg22263.jpg ,https://www.genevecompany.com/en/ring/200231-geneve-jewels-ring-eternity-gg22263.html
GENEVE,RING HALF ETERNITY,"8.410,00 €",https://www.genevecompany.com/31859-large_default/geneve-jewels-ring-half-eternity-mv1276.jpg ,https://www.genevecompany.com/en/ring/199443-geneve-jewels-ring-half-eternity-mv1276.html
GENEVE,RING HALO,"7.580,00 €",https://www.genevecompany.com/36745-large_default/geneve-jewels-ring-halo-gg22519.jpg ,https://www.genevecompany.com/en/ring/201612-geneve-jewels-ring-halo-gg22519.html
GENEVE,RING ETERNITY,"6.260,00 €",https://www.genevecompany.com/34875-large_default/geneve-jewels-ring-eternity-gg22385.jpg ,https://www.genevecompany.com/en/ring/200833-geneve-jewels-ring-eternity-gg22385.html
GENEVE,RING SOLITAIRE,"11.270,00 €",https://www.genevecompany.com/26744-large_default/geneve-jewels-ring-solitaire-gg21600.jpg ,https://www.genevecompany.com/en/ring/197775-geneve-jewels-ring-solitaire-gg21600.html
GENEVE,RING SOLITAIRE,"11.650,00 €",https://www.genevecompany.com/36839-large_default/geneve-jewels-ring-solitaire-gg21601.jpg ,https://www.genevecompany.com/en/ring/197777-geneve-jewels-ring-solitaire-gg21601.html
GENEVE,RING,"9.525,00 €",https://www.genevecompany.com/34450-large_default/geneve-jewels-ring-gg22322.jpg ,https://www.genevecompany.com/en/ring/200657-geneve-jewels-ring-gg22322.html
GENEVE,RING,"13.995,00 €",https://www.genevecompany.com/34449-large_default/geneve-jewels-ring-gg22321.jpg ,https://www.genevecompany.com/en/ring/200656-geneve-jewels-ring-gg22321.html
GENEVE,RING HALO,"16.140,00 €",https://www.genevecompany.com/35138-large_default/geneve-jewels-ring-halo-gg21599.jpg ,https://www.genevecompany.com/en/ring/197779-geneve-jewels-ring-halo-gg21599.html
GENEVE,RING ETERNITY,"19.530,00 €",https://www.genevecompany.com/34267-large_default/geneve-jewels-ring-eternity-gg22225.jpg ,https://www.genevecompany.com/en/ring/199964-geneve-jewels-ring-eternity-gg22225.html
GENEVE,RING HALF ETERNITY,"2.910,00 €",https://www.genevecompany.com/35121-large_default/geneve-jewels-ring-half-eternity-mv1325.jpg ,https://www.genevecompany.com/en/ring/201019-geneve-jewels-ring-half-eternity-mv1325.html
GENEVE,RING HALO,"2.920,00 €",https://www.genevecompany.com/31009-large_default/geneve-jewels-ring-halo-gg21932.jpg ,https://www.genevecompany.com/en/ring/199244-geneve-jewels-ring-halo-gg21932.html
GENEVE,RING,"2.940,00 €",https://www.genevecompany.com/27664-large_default/geneve-jewels-ring-gg20911.jpg ,https://www.genevecompany.com/en/ring/195958-geneve-jewels-ring-gg20911.html
GENEVE,RING HALF ETERNITY,"2.565,00 €",https://www.genevecompany.com/32641-large_default/geneve-jewels-ring-half-eternity-gg22004.jpg ,https://www.genevecompany.com/en/ring/199474-geneve-jewels-ring-half-eternity-gg22004.html
GENEVE,RING ENGAGEMENT,"2.890,00 €",https://www.genevecompany.com/34402-large_default/geneve-jewels-ring-engagement-gg20383.jpg ,https://www.genevecompany.com/en/ring/194884-geneve-jewels-ring-engagement-gg20383.html
GENEVE,RING SOLITAIRE,"2.550,00 €",https://www.genevecompany.com/36040-large_default/geneve-jewels-ring-solitaire-gg13393.jpg ,https://www.genevecompany.com/en/ring/123699-geneve-jewels-ring-solitaire-gg13393.html
GENEVE,RING HALO,"3.010,00 €",https://www.genevecompany.com/34034-large_default/geneve-jewels-ring-halo-gg20976.jpg ,https://www.genevecompany.com/en/ring/196110-geneve-jewels-ring-halo-gg20976.html
GENEVE,RING ETERNITY,"2.910,00 €",https://www.genevecompany.com/22597-large_default/geneve-jewels-ring-eternity-mv1183.jpg ,https://www.genevecompany.com/en/ring/195148-geneve-jewels-ring-eternity-mv1183.html
GENEVE,RING HALF ETERNITY,"2.980,00 €",https://www.genevecompany.com/35122-large_default/geneve-jewels-ring-half-eternity-mv1286.jpg ,https://www.genevecompany.com/en/ring/200976-geneve-jewels-ring-half-eternity-mv1286.html
GENEVE,RING HALF ETERNITY,"3.015,00 €",https://www.genevecompany.com/34410-large_default/geneve-jewels-ring-half-eternity-gg22333.jpg ,https://www.genevecompany.com/en/ring/200685-geneve-jewels-ring-half-eternity-gg22333.html
GENEVE,RING HALF ETERNITY,"3.015,00 €",https://www.genevecompany.com/34412-large_default/geneve-jewels-ring-half-eternity-gg22332.jpg ,https://www.genevecompany.com/en/ring/200684-geneve-jewels-ring-half-eternity-gg22332.html
GENEVE,RING,"3.060,00 €",https://www.genevecompany.com/34822-large_default/geneve-jewels-ring-gg22343.jpg ,https://www.genevecompany.com/en/ring/200774-geneve-jewels-ring-gg22343.html
GENEVE,RING HALF ETERNITY,"3.080,00 €",https://www.genevecompany.com/35123-large_default/geneve-jewels-ring-half-eternity-mv1285.jpg ,https://www.genevecompany.com/en/ring/200975-geneve-jewels-ring-half-eternity-mv1285.html
GENEVE,RING HALO,"3.130,00 €",https://www.genevecompany.com/34243-large_default/geneve-jewels-ring-halo-gg18292.jpg ,https://www.genevecompany.com/en/ring/185596-geneve-jewels-ring-halo-gg18292.html
GENEVE,RING HALF ETERNITY,"3.080,00 €",https://www.genevecompany.com/34119-large_default/geneve-jewels-ring-half-eternity-gg22254.jpg ,https://www.genevecompany.com/en/ring/199996-geneve-jewels-ring-half-eternity-gg22254.html
GENEVE,RING HALF ETERNITY,"3.020,00 €",https://www.genevecompany.com/34116-large_default/geneve-jewels-ring-half-eternity-gg22253.jpg ,https://www.genevecompany.com/en/ring/199995-geneve-jewels-ring-half-eternity-gg22253.html
GENEVE,RING HALF ETERNITY,"3.040,00 €",https://www.genevecompany.com/32656-large_default/geneve-jewels-ring-half-eternity-gg22028.jpg ,https://www.genevecompany.com/en/ring/199498-geneve-jewels-ring-half-eternity-gg22028.html
GENEVE,RING HALF ETERNITY,"3.060,00 €",https://www.genevecompany.com/31860-large_default/geneve-jewels-ring-half-eternity-mv1282.jpg ,https://www.genevecompany.com/en/ring/199449-geneve-jewels-ring-half-eternity-mv1282.html
GENEVE,RING HALF ETERNITY,"3.165,00 €",https://www.genevecompany.com/36571-large_default/geneve-jewels-ring-half-eternity-gg22548.jpg ,https://www.genevecompany.com/en/ring/201681-geneve-jewels-ring-half-eternity-gg22548.html
GENEVE,RING HALO,"3.030,00 €",https://www.genevecompany.com/35151-large_default/geneve-jewels-ring-halo-gg22378.jpg ,https://www.genevecompany.com/en/ring/201032-geneve-jewels-ring-halo-gg22378.html
GENEVE,RING ETERNITY,"3.174,00 €",https://www.genevecompany.com/31021-large_default/geneve-jewels-ring-eternity-gg21943.jpg ,https://www.genevecompany.com/en/ring/199265-geneve-jewels-ring-eternity-gg21943.html
GENEVE,RING HALF ETERNITY,"3.170,00 €",https://www.genevecompany.com/34409-large_default/geneve-jewels-ring-half-eternity-gg22331.jpg ,https://www.genevecompany.com/en/ring/200683-geneve-jewels-ring-half-eternity-gg22331.html
GENEVE,RING HALF ETERNITY,"3.305,00 €",https://www.genevecompany.com/34216-large_default/geneve-jewels-ring-half-eternity-gg22300.jpg ,https://www.genevecompany.com/en/ring/200580-geneve-jewels-ring-half-eternity-gg22300.html
GENEVE,RING HALF ETERNITY,"3.300,00 €",https://www.genevecompany.com/35126-large_default/geneve-jewels-ring-half-eternity-mv1324.jpg ,https://www.genevecompany.com/en/ring/201018-geneve-jewels-ring-half-eternity-mv1324.html
GENEVE,RING SOLITAIRE,"3.200,00 €",https://www.genevecompany.com/36041-large_default/geneve-jewels-ring-solitaire-gg13392.jpg ,https://www.genevecompany.com/en/ring/123698-geneve-jewels-ring-solitaire-gg13392.html
GENEVE,RING HALO,"3.370,00 €",https://www.genevecompany.com/35129-large_default/geneve-jewels-ring-halo-mv1310.jpg ,https://www.genevecompany.com/en/ring/201003-geneve-jewels-ring-halo-mv1310.html
GENEVE,RING,"3.395,00 €",https://www.genevecompany.com/34229-large_default/geneve-jewels-ring-gg15716.jpg ,https://www.genevecompany.com/en/ring/171012-geneve-jewels-ring-gg15716.html
GENEVE,RING SOLITAIRE,"3.250,00 €",https://www.genevecompany.com/36048-large_default/geneve-jewels-ring-solitaire-gc0903.jpg ,https://www.genevecompany.com/en/ring/125470-geneve-jewels-ring-solitaire-gc0903.html
GENEVE,RING,"3.290,00 €",https://www.genevecompany.com/27627-large_default/geneve-jewels-ring-gg20903.jpg ,https://www.genevecompany.com/en/ring/195948-geneve-jewels-ring-gg20903.html
GENEVE,RING,"3.310,00 €",https://www.genevecompany.com/35139-large_default/geneve-jewels-ring-gg20902.jpg ,https://www.genevecompany.com/en/ring/195947-geneve-jewels-ring-gg20902.html
GENEVE,RING HALF ETERNITY,"3.510,00 €",https://www.genevecompany.com/29966-large_default/geneve-jewels-ring-half-eternity-gg21755.jpg ,https://www.genevecompany.com/en/ring/198897-geneve-jewels-ring-half-eternity-gg21755.html
GENEVE,RING STONES,"3.580,00 €",https://www.genevecompany.com/28092-large_default/geneve-jewels-ring-stones-gg21141.jpg ,https://www.genevecompany.com/en/ring/196170-geneve-jewels-ring-stones-gg21141.html
GENEVE,RING ETERNITY,"3.540,00 €",https://www.genevecompany.com/32689-large_default/geneve-jewels-ring-eternity-gg22183.jpg ,https://www.genevecompany.com/en/ring/199784-geneve-jewels-ring-eternity-gg22183.html
GENEVE,RING TWIST,"3.550,00 €",https://www.genevecompany.com/31863-large_default/geneve-jewels-ring-twist-mv1279.jpg ,https://www.genevecompany.com/en/ring/199446-geneve-jewels-ring-twist-mv1279.html
GENEVE,RING SOLITAIRE,"3.730,00 €",https://www.genevecompany.com/36750-large_default/geneve-jewels-ring-solitaire-gg22528.jpg ,https://www.genevecompany.com/en/ring/201631-geneve-jewels-ring-solitaire-gg22528.html
GENEVE,RING HALO,"3.600,00 €",https://www.genevecompany.com/35115-large_default/geneve-jewels-ring-halo-mv1220.jpg ,https://www.genevecompany.com/en/ring/197504-geneve-jewels-ring-halo-mv1220.html
GENEVE,RING HALF ETERNITY,"3.670,00 €",https://www.genevecompany.com/27703-large_default/geneve-jewels-ring-half-eternity-false.jpg ,https://www.genevecompany.com/en/ring/198269-geneve-jewels-ring-half-eternity-false.html
GENEVE,RING,"3.750,00 €",https://www.genevecompany.com/27622-large_default/geneve-jewels-ring-gg20914.jpg ,https://www.genevecompany.com/en/ring/195961-geneve-jewels-ring-gg20914.html
GENEVE,RING HALF ETERNITY,"3.620,00 €",https://www.genevecompany.com/32638-large_default/geneve-jewels-ring-half-eternity-gg22024.jpg ,https://www.genevecompany.com/en/ring/199491-geneve-jewels-ring-half-eternity-gg22024.html
GENEVE,RING ETERNITY,"3.550,00 €",https://www.genevecompany.com/34225-large_default/geneve-jewels-ring-eternity-gg22297.jpg ,https://www.genevecompany.com/en/ring/200577-geneve-jewels-ring-eternity-gg22297.html
GENEVE,RING CLUSTER,"3.765,00 €",https://www.genevecompany.com/32618-large_default/geneve-jewels-ring-cluster-gg22014.jpg ,https://www.genevecompany.com/en/ring/199482-geneve-jewels-ring-cluster-gg22014.html
GENEVE,RING ETERNITY,"3.760,00 €",https://www.genevecompany.com/32627-large_default/geneve-jewels-ring-eternity-gg22002.jpg ,https://www.genevecompany.com/en/ring/199472-geneve-jewels-ring-eternity-gg22002.html
GENEVE,RING HALF ETERNITY,"3.775,00 €",https://www.genevecompany.com/32643-large_default/geneve-jewels-ring-half-eternity-gg22006.jpg ,https://www.genevecompany.com/en/ring/199476-geneve-jewels-ring-half-eternity-gg22006.html
GENEVE,RING,"3.865,00 €",https://www.genevecompany.com/34451-large_default/geneve-jewels-ring-gg22317.jpg ,https://www.genevecompany.com/en/ring/200650-geneve-jewels-ring-gg22317.html
GENEVE,RING HALF ETERNITY,"3.780,00 €",https://www.genevecompany.com/31862-large_default/geneve-jewels-ring-half-eternity-mv1277.jpg ,https://www.genevecompany.com/en/ring/199444-geneve-jewels-ring-half-eternity-mv1277.html
GENEVE,RING HALO,"3.830,00 €",https://www.genevecompany.com/34220-large_default/geneve-jewels-ring-halo-gg22263.jpg ,https://www.genevecompany.com/en/ring/200303-geneve-jewels-ring-halo-gg22263.html
